structure,n,build_s,lookup_us,lookup_taken_us,lookup_new_us,queries,fp_rate,fp_expected,memory_bytes,insert_failures
Linear search,1000,5.040899850428104e-06,10.5033,7.0067,14.0,100,0.0,0.0,67893,0
Binary search,1000,0.0001,0.9102,0.92,0.9003,11000,0.0,0.0,67893,0
Hash table,1000,0.0029,0.9117,0.9173,0.9062,11000,0.0,0.0,218165,0
Bloom filter,1000,0.0027,1.9555,2.4114,1.4996,11000,0.01042,0.010034531962677978,1199,0
Cuckoo filter,1000,0.0015,1.5058,1.3037,1.7078,11000,0.00084,0.001953125,4096,0
Linear search,10000,1.9000028260052204e-05,111.7446,71.5608,151.9283,100,0.0,0.0,679203,0
Binary search,10000,0.0016,1.2665,1.2435,1.2895,20000,0.0,0.0,679203,0
Hash table,10000,0.0253,1.1229,1.086,1.1598,20000,0.0,0.0,1892707,0
Bloom filter,10000,0.0308,1.9468,2.3795,1.5142,20000,0.01022,0.010039010484203732,11982,0
Cuckoo filter,10000,0.0142,1.4948,1.3012,1.6883,20000,0.00122,0.001953125,32768,0
Linear search,100000,0.0002,1049.3083,553.3808,1545.2358,100,0.0,0.0,6816353,0
Binary search,100000,0.0175,1.5715,1.5271,1.616,20000,0.0,0.0,6816353,0
Hash table,100000,0.5162,1.1441,1.1003,1.1879,20000,0.0,0.0,25665761,0
Bloom filter,100000,0.2513,2.0057,2.522,1.4894,20000,0.01014,0.010039209581758123,119814,0
Cuckoo filter,100000,0.1502,1.5951,1.4864,1.7038,20000,0.00139,0.001953125,262144,0
Linear search,1000000,0.0026,11507.4221,7502.3675,15512.4767,100,0.0,0.0,68446193,0
Binary search,1000000,0.2663,2.663,2.6285,2.6976,20000,0.0,0.0,68446193,0
Hash table,1000000,4.5466,1.2505,1.3334,1.1675,20000,0.0,0.0,220488593,0
Bloom filter,1000000,2.8154,2.1115,2.6979,1.525,20000,0.01,0.010039214559253868,1198133,0
Cuckoo filter,1000000,1.5867,1.758,1.5747,1.9413,20000,0.00089,0.001953125,4194304,0
Linear search,10000000,0.0332,115106.3896,75096.8192,155115.96,100,0.0,0.0,685964328,0
Binary search,10000000,4.0809,4.4411,4.0765,4.8057,20000,0.0,0.0,685964328,0
Hash table,10000000,38.5334,1.3329,1.3684,1.2974,20000,0.0,0.0,1929481928,0
Bloom filter,10000000,32.2245,2.4266,3.193,1.6602,20000,0.01006,0.01003921754575264,11981323,0
Cuckoo filter,10000000,16.1318,1.8196,1.6558,1.9833,20000,0.001,0.001953125,33554432,0
